{
  "3yr": {
    "invested": 84000.0,
    "median": 178846.65263699845,
    "p5": 121279.26824177604,
    "p95": 292553.26595782273
  },
  "5yr": {
    "invested": 134000.0,
    "median": 493026.4751571807,
    "p5": 327524.15103433386,
    "p95": 915524.7139312882
  },
  "7yr": {
    "invested": 184500.0,
    "median": 1479182.0900828359,
    "p5": 809462.5266973546,
    "p95": 2098167.5230620434
  },
  "10yr": {
    "invested": 260000.0,
    "median": 5596581.638255536,
    "p5": 3721504.740465975,
    "p95": 7629766.368171334
  }
}